protocol_id,pass_name,config,seed,epoch,step,batch_size_actual,is_partial,is_first_measured_step,zero_grad_ns,neg_time_ns,positive_tensor_build_ns,forward_ns,backward_ns,optimizer_ns,component_sum_ns,total_step_ns,timing_residual_ns,loss
C1-R1-v1.1,trace,BL,44,0,0,5000,False,True,108946,414201502,1615387,36199791,38378561,1290616,491794803,491798418,3615,1.1459330320358276
C1-R1-v1.1,trace,BL,44,0,1,5000,False,False,58400,412599952,1618423,36154452,38463102,1228790,490123119,490126280,3161,1.1487820148468018
C1-R1-v1.1,trace,BL,44,0,2,5000,False,False,54769,410297815,1635927,36120365,38363791,1234966,487707633,487710320,2687,1.1431691646575928
C1-R1-v1.1,trace,BL,44,0,3,5000,False,False,55918,411672370,1589196,37177842,38493592,1233762,490222680,490225140,2460,1.1387443542480469
C1-R1-v1.1,trace,BL,44,0,4,5000,False,False,56005,419427542,1618654,37409849,38510521,1231205,498253776,498256392,2616,1.1315184831619263
C1-R1-v1.1,trace,BL,44,0,5,5000,False,False,59719,412399712,1602859,37637237,38543204,1229518,491472249,491474848,2599,1.1222612857818604
C1-R1-v1.1,trace,BL,44,0,6,5000,False,False,52801,415371034,1605618,37515462,38826239,1229069,494600223,494602941,2718,1.105772614479065
C1-R1-v1.1,trace,BL,44,0,7,5000,False,False,54128,416766232,1599754,37606797,38521231,1235356,495783498,495785794,2296,1.1147592067718506
C1-R1-v1.1,trace,BL,44,0,8,5000,False,False,55649,416921888,1666701,37618470,38496013,1237438,495996159,495998987,2828,1.1170318126678467
C1-R1-v1.1,trace,BL,44,0,9,5000,False,False,54149,417342287,1613467,37403582,38501135,1227381,496142001,496144454,2453,1.1138190031051636
C1-R1-v1.1,trace,BL,44,0,10,5000,False,False,55162,417252103,1592757,37598901,38481197,1232884,496213004,496215517,2513,1.107635498046875
C1-R1-v1.1,trace,BL,44,0,11,5000,False,False,60010,414946187,1564712,37348846,38512182,1234040,493665977,493668682,2705,1.0925605297088623
C1-R1-v1.1,trace,BL,44,0,12,5000,False,False,61474,420957884,1568969,37622513,38518964,1228582,499958386,499961204,2818,1.098819375038147
C1-R1-v1.1,trace,BL,44,0,13,5000,False,False,53798,416029012,1642295,37659765,38529137,1232818,495146825,495149200,2375,1.0893889665603638
C1-R1-v1.1,trace,BL,44,0,14,5000,False,False,53514,414209240,1596671,37611176,38497017,1234460,493202078,493204726,2648,1.093846321105957
C1-R1-v1.1,trace,BL,44,0,15,5000,False,False,54800,417683134,1628423,37367659,38492760,1233456,496460232,496462947,2715,1.084412693977356
C1-R1-v1.1,trace,BL,44,0,16,5000,False,False,54438,421257495,1622424,37393882,38510668,1229130,500068037,500070757,2720,1.0768144130706787
C1-R1-v1.1,trace,BL,44,0,17,5000,False,False,54542,420165058,1635414,37367853,38526457,1231863,498981187,498983563,2376,1.0724860429763794
C1-R1-v1.1,trace,BL,44,0,18,5000,False,False,54983,415264580,1591060,37619226,38517768,1226730,494274347,494276910,2563,1.0780287981033325
C1-R1-v1.1,trace,BL,44,0,19,5000,False,False,52430,415408087,1636891,37364860,38530308,1230459,494223035,494225850,2815,1.0621060132980347
C1-R1-v1.1,trace,BL,44,0,20,5000,False,False,59462,417020399,1625023,37629037,38523581,1234133,496091635,496094127,2492,1.0529636144638062
C1-R1-v1.1,trace,BL,44,0,21,5000,False,False,53129,421321452,1709552,37593503,38481215,1231019,500389870,500392508,2638,1.0559207201004028
C1-R1-v1.1,trace,BL,44,0,22,5000,False,False,53480,416187357,1621704,37604102,38496793,1234229,495197665,495200274,2609,1.0525851249694824
C1-R1-v1.1,trace,BL,44,0,23,5000,False,False,52896,418711783,1589462,37584669,38536790,1231924,497707524,497710067,2543,1.0481932163238525
C1-R1-v1.1,trace,BL,44,0,24,5000,False,False,59737,417162972,1610177,37484018,38508015,1230700,496055619,496058163,2544,1.0548276901245117
C1-R1-v1.1,trace,BL,44,0,25,5000,False,False,53906,414711093,1625493,37458577,38539048,1234609,493622726,493625324,2598,1.032022476196289
C1-R1-v1.1,trace,BL,44,0,26,5000,False,False,54003,414775981,1601880,37410627,38525989,1227133,493595613,493598076,2463,1.0527982711791992
C1-R1-v1.1,trace,BL,44,0,27,5000,False,False,54224,413344972,1618029,37608401,38478728,1231419,492335773,492338342,2569,1.0345003604888916
C1-R1-v1.1,trace,BL,44,0,28,5000,False,False,53123,417283500,1593819,37585611,38500040,1229833,496245926,496248486,2560,1.0363467931747437
C1-R1-v1.1,trace,BL,44,0,29,5000,False,False,55617,415717279,1622117,37595619,38548499,1224542,494763673,494766275,2602,1.020092248916626
C1-R1-v1.1,trace,BL,44,0,30,5000,False,False,53556,413767256,1586233,37506910,38567129,1237542,492718626,492721346,2720,1.0290838479995728
C1-R1-v1.1,trace,BL,44,0,31,5000,False,False,53434,417070833,1578768,37620437,38561596,1228441,496113509,496116351,2842,1.0167375802993774
C1-R1-v1.1,trace,BL,44,0,32,5000,False,False,53524,414505081,1667836,37410604,38529436,1233000,493399481,493401830,2349,1.0218360424041748
C1-R1-v1.1,trace,BL,44,0,33,5000,False,False,53277,415694118,1625894,37423206,38507255,1231242,494534992,494537358,2366,1.0125141143798828
C1-R1-v1.1,trace,BL,44,0,34,5000,False,False,53464,417666610,1605229,37625461,38513299,1230342,496694405,496697373,2968,1.0243942737579346
C1-R1-v1.1,trace,BL,44,0,35,5000,False,False,53555,416048861,1596425,37640964,38508370,1230125,495078300,495081072,2772,0.9920483231544495
C1-R1-v1.1,trace,BL,44,0,36,5000,False,False,59036,417433334,1616030,37605772,38521010,1239219,496474401,496476934,2533,0.9841808080673218
C1-R1-v1.1,trace,BL,44,0,37,5000,False,False,53388,413196059,1625970,37585165,38525597,1225250,492211429,492213969,2540,0.998029887676239
C1-R1-v1.1,trace,BL,44,0,38,5000,False,False,53636,416410199,1626626,37371279,38513112,1238541,495213393,495216288,2895,0.977209746837616
C1-R1-v1.1,trace,BL,44,0,39,5000,False,False,53968,415042047,1623642,37347769,38478464,1228053,493773943,493776503,2560,0.998099148273468
C1-R1-v1.1,trace,BL,44,0,40,5000,False,False,53521,416921542,1677510,37416771,38513992,1232109,495815445,495818114,2669,1.0024288892745972
C1-R1-v1.1,trace,BL,44,0,41,5000,False,False,53081,417469506,1651253,37562496,38499481,1226478,496462295,496464920,2625,0.9925331473350525
C1-R1-v1.1,trace,BL,44,0,42,5000,False,False,58408,416270005,1616064,37616091,38513243,1233041,495306852,495309537,2685,0.9825348854064941
C1-R1-v1.1,trace,BL,44,0,43,5000,False,False,58981,414144262,1624786,37375488,38488374,1229053,492920944,492923638,2694,0.9656609892845154
C1-R1-v1.1,trace,BL,44,0,44,5000,False,False,53432,416100179,1590163,37323024,38519568,1238841,494825207,494827739,2532,0.9676958322525024
C1-R1-v1.1,trace,BL,44,0,45,5000,False,False,53694,414072210,1632532,37584174,38475116,1232166,493049892,493052468,2576,0.9655138850212097
C1-R1-v1.1,trace,BL,44,0,46,5000,False,False,61049,418188191,1629254,37613665,38530905,1230497,497253561,497256166,2605,0.9609934687614441
C1-R1-v1.1,trace,BL,44,0,47,5000,False,False,52961,415833677,1604783,37341224,38529794,1226647,494589086,494591784,2698,0.9683413505554199
C1-R1-v1.1,trace,BL,44,0,48,5000,False,False,53215,413077384,1605210,37367234,38489657,1228653,491821353,491824377,3024,0.9525190591812134
C1-R1-v1.1,trace,BL,44,0,49,5000,False,False,53093,414334393,1596673,37577424,38628740,1262242,493452565,493455598,3033,0.9620043039321899
C1-R1-v1.1,trace,BL,44,0,50,5000,False,False,59448,413095338,1691337,37446211,38483728,1229330,492005392,492007888,2496,0.9474388360977173
C1-R1-v1.1,trace,BL,44,0,51,5000,False,False,54087,419963967,1606181,37605364,38502850,1225328,498957777,498960388,2611,0.9427252411842346
C1-R1-v1.1,trace,BL,44,0,52,5000,False,False,56920,414288744,1628492,37626581,38525051,1227999,493353787,493356323,2536,0.9375262260437012
C1-R1-v1.1,trace,BL,44,0,53,2115,True,False,52642,177194682,714725,15959249,17352564,1228235,212502097,212504670,2573,0.9447247982025146
C1-R1-v1.1,trace,BL,44,1,0,5000,False,False,127487,413621968,1600958,37329000,38544895,1231345,492455653,492459225,3572,0.8932797312736511
C1-R1-v1.1,trace,BL,44,1,1,5000,False,False,58776,416974010,1618196,37449457,38533961,1230696,495865096,495867543,2447,0.9033701419830322
C1-R1-v1.1,trace,BL,44,1,2,5000,False,False,54911,420127671,1648615,37614550,38524433,1232177,499202357,499205091,2734,0.9027251601219177
C1-R1-v1.1,trace,BL,44,1,3,5000,False,False,55835,422629407,1599235,37328209,38479076,1232916,501324678,501327221,2543,0.9002534747123718
C1-R1-v1.1,trace,BL,44,1,4,5000,False,False,54142,413553440,1598539,37602242,38505810,1223850,492538023,492540563,2540,0.9021019339561462
C1-R1-v1.1,trace,BL,44,1,5,5000,False,False,54825,421139970,1594544,37568862,38535998,1229037,500123236,500125718,2482,0.8948043584823608
C1-R1-v1.1,trace,BL,44,1,6,5000,False,False,52603,419701768,1583234,37510018,38546602,1230594,498624819,498627482,2663,0.8801259994506836
C1-R1-v1.1,trace,BL,44,1,7,5000,False,False,53608,416103235,1594260,37577105,38527896,1229643,495085747,495088343,2596,0.8931645154953003
C1-R1-v1.1,trace,BL,44,1,8,5000,False,False,55037,414319899,1631147,37370898,38516957,1233565,493127503,493130085,2582,0.8939749002456665
C1-R1-v1.1,trace,BL,44,1,9,5000,False,False,54687,421588650,1606116,37612963,38510349,1233291,500606056,500608522,2466,0.8957556486129761
C1-R1-v1.1,trace,BL,44,1,10,5000,False,False,53256,418782057,1695339,37376702,38506729,1229687,497643770,497646194,2424,0.892963171005249
C1-R1-v1.1,trace,BL,44,1,11,5000,False,False,54785,420068496,1597984,37547287,38510535,1225932,499005019,499008160,3141,0.880106508731842
C1-R1-v1.1,trace,BL,44,1,12,5000,False,False,53418,413035090,1603319,37596698,38525907,1225777,492040209,492042871,2662,0.8878844380378723
C1-R1-v1.1,trace,BL,44,1,13,5000,False,False,53311,414421367,1648600,37550203,38528954,1228520,493430955,493433553,2598,0.8804208040237427
C1-R1-v1.1,trace,BL,44,1,14,5000,False,False,54012,417707560,1601701,37554947,38501900,1234615,496654735,496657939,3204,0.8791297674179077
C1-R1-v1.1,trace,BL,44,1,15,5000,False,False,54897,417945517,1661096,37404075,38492845,1229353,496787783,496790842,3059,0.8765581846237183
C1-R1-v1.1,trace,BL,44,1,16,5000,False,False,64112,416815020,1619183,37601888,38541085,1231423,495872711,495875767,3056,0.8746942281723022
C1-R1-v1.1,trace,BL,44,1,17,5000,False,False,54545,417104821,1637059,37599912,38515440,1231287,496143064,496145636,2572,0.8658616542816162
C1-R1-v1.1,trace,BL,44,1,18,5000,False,False,55496,416456856,1587624,37301326,38496090,1230913,495128305,495131470,3165,0.8757831454277039
C1-R1-v1.1,trace,BL,44,1,19,5000,False,False,54105,415150035,1617356,37599101,38515744,1227032,494163373,494166082,2709,0.8642624020576477
C1-R1-v1.1,trace,BL,44,1,20,5000,False,False,53962,413468324,1610203,37576487,38567277,1236782,492513035,492516028,2993,0.8572748303413391
C1-R1-v1.1,trace,BL,44,1,21,5000,False,False,55378,418627558,1619995,37347941,38479240,1236656,497366768,497369910,3142,0.8612616062164307
C1-R1-v1.1,trace,BL,44,1,22,5000,False,False,54191,413578370,1612552,37447351,38557021,1231860,492481345,492484186,2841,0.8574749827384949
C1-R1-v1.1,trace,BL,44,1,23,5000,False,False,53818,414068568,1612382,37459789,38572560,1232539,492999656,493002440,2784,0.8517853021621704
C1-R1-v1.1,trace,BL,44,1,24,5000,False,False,59622,415945890,1618377,37479950,38513009,1226732,494843580,494846142,2562,0.8624363541603088
C1-R1-v1.1,trace,BL,44,1,25,5000,False,False,54357,417697377,1714908,37603321,38513405,1226251,496809619,496812271,2652,0.843757688999176
C1-R1-v1.1,trace,BL,44,1,26,5000,False,False,53973,418144401,1573755,37615629,38483522,1228912,497100192,497103034,2842,0.8619063496589661
C1-R1-v1.1,trace,BL,44,1,27,5000,False,False,54619,418780723,1609773,37573800,38492669,1233661,497745245,497747955,2710,0.849579393863678
C1-R1-v1.1,trace,BL,44,1,28,5000,False,False,53542,418063856,1632817,37588355,38488401,1234211,497061182,497064211,3029,0.8477050065994263
C1-R1-v1.1,trace,BL,44,1,29,5000,False,False,53305,419538174,1593948,37525511,38558581,1230751,498500270,498503303,3033,0.8367743492126465
C1-R1-v1.1,trace,BL,44,1,30,5000,False,False,55122,417336874,1601466,37582198,38564455,1227721,496367836,496370649,2813,0.8482761383056641
C1-R1-v1.1,trace,BL,44,1,31,5000,False,False,52758,420140412,1579163,37564611,38513400,1225864,499076208,499079376,3168,0.8331166505813599
C1-R1-v1.1,trace,BL,44,1,32,5000,False,False,53374,417239401,1640783,37362247,38513123,1232584,496041512,496044295,2783,0.8439570665359497
C1-R1-v1.1,trace,BL,44,1,33,5000,False,False,53168,416001912,1611798,37610644,38520501,1230017,495028040,495030665,2625,0.8305556774139404
C1-R1-v1.1,trace,BL,44,1,34,5000,False,False,53776,415177277,1620186,37591122,38519882,1227432,494189675,494192491,2816,0.8437108397483826
C1-R1-v1.1,trace,BL,44,1,35,5000,False,False,54926,417888791,1607810,37595573,38503033,1226839,496876972,496879518,2546,0.816581666469574
C1-R1-v1.1,trace,BL,44,1,36,5000,False,False,53552,416907627,1611477,37532692,38473376,1230898,495809622,495812185,2563,0.8088419437408447
C1-R1-v1.1,trace,BL,44,1,37,5000,False,False,56738,417094629,1641185,37596695,38514749,1229926,496133922,496136815,2893,0.8240770697593689
C1-R1-v1.1,trace,BL,44,1,38,5000,False,False,53305,414129091,1586054,37622485,38524522,1236915,493152372,493155385,3013,0.8061038851737976
C1-R1-v1.1,trace,BL,44,1,39,5000,False,False,53925,417552551,1701991,37583961,38484631,1232952,496610011,496612930,2919,0.826746940612793
C1-R1-v1.1,trace,BL,44,1,40,5000,False,False,54100,412727276,1622054,37439290,38501453,1230303,491574476,491577690,3214,0.828013002872467
C1-R1-v1.1,trace,BL,44,1,41,5000,False,False,54024,412983998,1615367,37326997,38516408,1228149,491724943,491727663,2720,0.8245609998703003
C1-R1-v1.1,trace,BL,44,1,42,5000,False,False,53984,416848782,1623248,37580174,38505947,1228005,495840140,495842846,2706,0.8128913044929504
C1-R1-v1.1,trace,BL,44,1,43,5000,False,False,53891,413012508,1608316,37622719,38505323,1231320,492034077,492036797,2720,0.7976099848747253
C1-R1-v1.1,trace,BL,44,1,44,5000,False,False,53542,417928790,1597065,37632220,38522546,1230344,496964507,496967166,2659,0.8030508160591125
C1-R1-v1.1,trace,BL,44,1,45,5000,False,False,54171,414918625,1592260,37620788,38493414,1233791,493913049,493915762,2713,0.8020921349525452
C1-R1-v1.1,trace,BL,44,1,46,5000,False,False,54272,420304432,1647859,37341244,38526697,1230794,499105298,499107864,2566,0.7989490032196045
C1-R1-v1.1,trace,BL,44,1,47,5000,False,False,53813,412874057,1631422,37507180,38518081,1230228,491814781,491817744,2963,0.8073266744613647
C1-R1-v1.1,trace,BL,44,1,48,5000,False,False,54555,418387287,1596143,37431060,38505357,1227410,497201812,497205005,3193,0.7908178567886353
C1-R1-v1.1,trace,BL,44,1,49,5000,False,False,54131,415310699,1567673,37626013,38505188,1227811,494291515,494294312,2797,0.8033999800682068
C1-R1-v1.1,trace,BL,44,1,50,5000,False,False,58749,418869642,1618871,37569988,38508646,1230039,497855935,497859108,3173,0.7881134748458862
C1-R1-v1.1,trace,BL,44,1,51,5000,False,False,52554,420193406,1617055,37390402,38544336,1231759,499029512,499032588,3076,0.7828431725502014
C1-R1-v1.1,trace,BL,44,1,52,5000,False,False,52826,412986724,1621262,37632156,38541377,1226489,492060834,492063810,2976,0.7837026715278625
C1-R1-v1.1,trace,BL,44,1,53,2115,True,False,53516,175590647,708347,16036308,17312115,1227270,210928203,210930703,2500,0.7707105875015259
C1-R1-v1.1,trace,BL,44,2,0,5000,False,False,125101,418356092,1685127,37561256,38517072,1234933,497479581,497483160,3579,0.7473093271255493
C1-R1-v1.1,trace,BL,44,2,1,5000,False,False,53828,417094758,1595197,37650742,38517186,1228404,496140115,496142825,2710,0.7558677196502686
C1-R1-v1.1,trace,BL,44,2,2,5000,False,False,58122,413480308,1642947,37599261,38489231,1230897,492500766,492503667,2901,0.7537941932678223
C1-R1-v1.1,trace,BL,44,2,3,5000,False,False,53758,418546131,1607889,37562826,38508537,1228603,497507744,497510560,2816,0.754242479801178
C1-R1-v1.1,trace,BL,44,2,4,5000,False,False,53661,415982802,1639626,37610694,38530963,1230187,495047933,495050563,2630,0.755087673664093
C1-R1-v1.1,trace,BL,44,2,5,5000,False,False,53220,416823629,1621857,37609500,38547219,1227138,495882563,495885287,2724,0.7513461709022522
C1-R1-v1.1,trace,BL,44,2,6,5000,False,False,54630,418278430,1582912,37621650,38555134,1230526,497323282,497326080,2798,0.7382453083992004
C1-R1-v1.1,trace,BL,44,2,7,5000,False,False,53001,420866812,1590139,37316981,38541571,1231221,499599725,499602269,2544,0.7494996786117554
C1-R1-v1.1,trace,BL,44,2,8,5000,False,False,53943,419563743,1643218,37441928,38490045,1227313,498420190,498423165,2975,0.7512115836143494
C1-R1-v1.1,trace,BL,44,2,9,5000,False,False,53782,421447285,1686722,37575894,38522168,1235787,500521638,500524653,3015,0.7553173303604126
C1-R1-v1.1,trace,BL,44,2,10,5000,False,False,53549,412344002,1611527,37342171,38496353,1228133,491075735,491078658,2923,0.7541040182113647
C1-R1-v1.1,trace,BL,44,2,11,5000,False,False,53102,412931071,1596091,37514963,38510478,1233616,491839321,491842245,2924,0.7404348254203796
C1-R1-v1.1,trace,BL,44,2,12,5000,False,False,55625,413059754,1614268,37547066,38518185,1227881,492022779,492025635,2856,0.7483235597610474
C1-R1-v1.1,trace,BL,44,2,13,5000,False,False,55097,415553421,1637576,37582312,38500688,1235351,494564445,494567187,2742,0.7440364956855774
C1-R1-v1.1,trace,BL,44,2,14,5000,False,False,54067,417699206,1717870,37560406,38489262,1231565,496752376,496755168,2792,0.7425947189331055
C1-R1-v1.1,trace,BL,44,2,15,5000,False,False,53042,414864742,1621874,37373270,38525319,1230377,493668624,493671343,2719,0.7407383918762207
C1-R1-v1.1,trace,BL,44,2,16,5000,False,False,57300,411579214,1655354,37350710,38522654,1229333,490394565,490397554,2989,0.7402283549308777
C1-R1-v1.1,trace,BL,44,2,17,5000,False,False,54114,416314963,1636922,37498517,38526975,1229163,495260654,495263804,3150,0.7328810691833496
C1-R1-v1.1,trace,BL,44,2,18,5000,False,False,55573,418933540,1616784,37441726,38517980,1231238,497796841,497799507,2666,0.7415614128112793
C1-R1-v1.1,trace,BL,44,2,19,5000,False,False,53832,413765761,1619861,37307260,38542696,1231806,492521216,492523909,2693,0.7341628074645996
C1-R1-v1.1,trace,BL,44,2,20,5000,False,False,54796,413979949,1642082,37621160,38530655,1228559,493057201,493060194,2993,0.7290443181991577
C1-R1-v1.1,trace,BL,44,2,21,5000,False,False,53757,415665518,1621165,37357197,38472049,1229861,494399547,494402434,2887,0.7325459122657776
C1-R1-v1.1,trace,BL,44,2,22,5000,False,False,54443,414091187,1622269,37345711,38505128,1233222,492851960,492854746,2786,0.7316057682037354
C1-R1-v1.1,trace,BL,44,2,23,5000,False,False,53131,416604300,1628087,37570631,38532027,1227331,495615507,495618152,2645,0.7266996502876282
C1-R1-v1.1,trace,BL,44,2,24,5000,False,False,54149,412557384,1615930,37565407,38522678,1241971,491557519,491560581,3062,0.7353854775428772
C1-R1-v1.1,trace,BL,44,2,25,5000,False,False,53404,412248998,1626508,37528301,38538999,1230133,491226343,491229283,2940,0.7176588177680969
C1-R1-v1.1,trace,BL,44,2,26,5000,False,False,58556,413905547,1571756,37315950,38503453,1230322,492585584,492588217,2633,0.7328741550445557
C1-R1-v1.1,trace,BL,44,2,27,5000,False,False,54264,411004459,1598368,37617743,38452266,1226569,489953669,489956445,2776,0.724250316619873
C1-R1-v1.1,trace,BL,44,2,28,5000,False,False,53418,414998067,1603999,37307717,38505110,1231950,493700261,493703043,2782,0.7272968292236328
C1-R1-v1.1,trace,BL,44,2,29,5000,False,False,53519,414198079,1606356,37361285,38529023,1225680,492973942,492977413,3471,0.7133265137672424
C1-R1-v1.1,trace,BL,44,2,30,5000,False,False,54143,420191804,1591472,37617751,38564207,1230188,499249565,499252610,3045,0.726936399936676
C1-R1-v1.1,trace,BL,44,2,31,5000,False,False,53058,415924746,1605988,37489399,38551956,1229149,494854296,494857089,2793,0.7147644758224487
C1-R1-v1.1,trace,BL,44,2,32,5000,False,False,54407,419246888,1669423,37579755,38490103,1229950,498270526,498273469,2943,0.7251483201980591
C1-R1-v1.1,trace,BL,44,2,33,5000,False,False,53599,417437814,1628860,37615643,38512649,1230129,496478694,496481612,2918,0.7116066813468933
C1-R1-v1.1,trace,BL,44,2,34,5000,False,False,53423,413505450,1602932,37351377,38533587,1228275,492275044,492277941,2897,0.7250781655311584
C1-R1-v1.1,trace,BL,44,2,35,5000,False,False,53821,415758228,1611233,37337295,38502894,1229897,494493368,494496395,3027,0.6982128620147705
C1-R1-v1.1,trace,BL,44,2,36,5000,False,False,54007,413994910,1609210,37360629,38492876,1231192,492742824,492746783,3959,0.6949130296707153
C1-R1-v1.1,trace,BL,44,2,37,5000,False,False,54065,414949703,1621878,37501635,38518018,1229795,493875094,493877813,2719,0.708562970161438
C1-R1-v1.1,trace,BL,44,2,38,5000,False,False,54047,416087538,1633863,37510085,38513057,1232036,495030626,495033461,2835,0.6943172812461853
C1-R1-v1.1,trace,BL,44,2,39,5000,False,False,54398,411828472,1584123,37595375,38501468,1227184,490791020,490793746,2726,0.7131843566894531
C1-R1-v1.1,trace,BL,44,2,40,5000,False,False,55327,414017941,1612997,37449135,38492613,1225705,492853718,492856354,2636,0.7113454937934875
C1-R1-v1.1,trace,BL,44,2,41,5000,False,False,53898,414350708,1632290,37592792,38516958,1230876,493377522,493380139,2617,0.7119114995002747
C1-R1-v1.1,trace,BL,44,2,42,5000,False,False,54366,414319108,1614385,37637917,38553736,1229055,493408567,493411581,3014,0.7030646800994873
C1-R1-v1.1,trace,BL,44,2,43,5000,False,False,54103,411102355,1705365,37624534,38507171,1230316,490223844,490226605,2761,0.6879463195800781
C1-R1-v1.1,trace,BL,44,2,44,5000,False,False,53584,415698309,1624818,37359633,38502819,1228315,494467478,494470166,2688,0.6927908062934875
C1-R1-v1.1,trace,BL,44,2,45,5000,False,False,54025,411636045,1621695,37626924,38498794,1226410,490663893,490667265,3372,0.6924054622650146
C1-R1-v1.1,trace,BL,44,2,46,5000,False,False,60425,411585543,1690548,37596184,38513439,1229799,490675938,490678678,2740,0.6907289624214172
C1-R1-v1.1,trace,BL,44,2,47,5000,False,False,53345,410409436,1594345,37571875,38529421,1226494,489384916,489387762,2846,0.6963422298431396
C1-R1-v1.1,trace,BL,44,2,48,5000,False,False,53934,409698592,1574623,37603359,38492897,1230576,488653981,488656595,2614,0.6829476952552795
C1-R1-v1.1,trace,BL,44,2,49,5000,False,False,59143,415053794,1601287,37399488,38523796,1229815,493867323,493870082,2759,0.6968883275985718
C1-R1-v1.1,trace,BL,44,2,50,5000,False,False,54868,415531749,1581122,37543035,38502423,1228733,494441930,494444546,2616,0.6822919249534607
C1-R1-v1.1,trace,BL,44,2,51,5000,False,False,54947,413830683,1619731,37458454,38517135,1227256,492708206,492711079,2873,0.6784808039665222
C1-R1-v1.1,trace,BL,44,2,52,5000,False,False,53793,415990812,1585554,37613641,38509895,1235352,494989047,494991822,2775,0.6775898337364197
C1-R1-v1.1,trace,BL,44,2,53,2115,True,False,58338,179424034,702999,16034713,17315039,1232957,214768080,214771038,2958,0.6512104272842407
C1-R1-v1.1,trace,BL,44,3,0,5000,False,False,121207,412884689,1684302,37385350,38519501,1228951,491824000,491827238,3238,0.6485217213630676
C1-R1-v1.1,trace,BL,44,3,1,5000,False,False,59063,418103134,1619283,37611815,38524985,1228300,497146580,497149269,2689,0.6596970558166504
C1-R1-v1.1,trace,BL,44,3,2,5000,False,False,54538,414943127,1628896,37406583,38543627,1226363,493803134,493805651,2517,0.6554043889045715
C1-R1-v1.1,trace,BL,44,3,3,5000,False,False,53099,416632633,1635266,37585351,38658406,1230480,495795235,495798070,2835,0.6546697616577148
C1-R1-v1.1,trace,BL,44,3,4,5000,False,False,53835,413124826,1637628,37536819,38513101,1230334,492096543,492099264,2721,0.656678318977356
C1-R1-v1.1,trace,BL,44,3,5,5000,False,False,54245,419647870,1671600,37538595,38527571,1230619,498670500,498673320,2820,0.6528889536857605
C1-R1-v1.1,trace,BL,44,3,6,5000,False,False,53180,416940904,1617602,37585913,38518455,1229784,495945838,495948544,2706,0.6427627205848694
C1-R1-v1.1,trace,BL,44,3,7,5000,False,False,53359,421479080,1594564,37612870,38540140,1230128,500510141,500512790,2649,0.6541604399681091
C1-R1-v1.1,trace,BL,44,3,8,5000,False,False,53201,422601753,1608543,37373668,38483980,1226669,501347814,501350634,2820,0.6535595655441284
C1-R1-v1.1,trace,BL,44,3,9,5000,False,False,54059,417541813,1613787,37604187,38496883,1228629,496539358,496542324,2966,0.6599104404449463
C1-R1-v1.1,trace,BL,44,3,10,5000,False,False,53680,417017141,1685378,37483776,38527573,1231186,495998734,496001646,2912,0.6601518988609314
C1-R1-v1.1,trace,BL,44,3,11,5000,False,False,54382,418521210,1616220,37569819,38503446,1226387,497491464,497494293,2829,0.6456402540206909
C1-R1-v1.1,trace,BL,44,3,12,5000,False,False,54082,417784095,1578836,37480161,38522047,1232259,496651480,496654328,2848,0.654799222946167
C1-R1-v1.1,trace,BL,44,3,13,5000,False,False,53435,416806385,1670084,37580118,38503031,1229709,495842762,495845945,3183,0.6521217226982117
C1-R1-v1.1,trace,BL,44,3,14,5000,False,False,54121,417830282,1597973,37568515,38491366,1226951,496769208,496772123,2915,0.6505990624427795
C1-R1-v1.1,trace,BL,44,3,15,5000,False,False,53691,418368434,1622549,37612801,38485871,1227377,497370723,497373842,3119,0.6495680212974548
C1-R1-v1.1,trace,BL,44,3,16,5000,False,False,53615,421917782,1655235,37380862,38537467,1233117,500778078,500780885,2807,0.6497194170951843
C1-R1-v1.1,trace,BL,44,3,17,5000,False,False,53041,417153195,1634860,37360833,38515128,1231398,495948455,495951488,3033,0.6427839994430542
C1-R1-v1.1,trace,BL,44,3,18,5000,False,False,54382,420490911,1678981,37394727,38467003,1229999,499316003,499318688,2685,0.6498527526855469
C1-R1-v1.1,trace,BL,44,3,19,5000,False,False,53153,414294558,1585123,37622531,38514004,1226140,493295509,493298376,2867,0.6455962657928467
C1-R1-v1.1,trace,BL,44,3,20,5000,False,False,54319,414551444,1617872,37600221,38549320,1229502,493602678,493605569,2891,0.6418581008911133
C1-R1-v1.1,trace,BL,44,3,21,5000,False,False,54269,420085311,1635388,37343895,38463120,1227004,498808987,498811582,2595,0.6438065767288208
C1-R1-v1.1,trace,BL,44,3,22,5000,False,False,53562,416063864,1617520,37600712,38521081,1229302,495086041,495088699,2658,0.6423345804214478
C1-R1-v1.1,trace,BL,44,3,23,5000,False,False,54136,417922995,1614589,37332494,38531541,1229586,496685341,496688405,3064,0.6368420124053955
C1-R1-v1.1,trace,BL,44,3,24,5000,False,False,53570,420702209,1623580,37430076,38508044,1230847,499548326,499551096,2770,0.6484071016311646
C1-R1-v1.1,trace,BL,44,3,25,5000,False,False,53320,416989487,1612407,37583072,38513091,1230693,495982070,495984717,2647,0.6336894035339355
C1-R1-v1.1,trace,BL,44,3,26,5000,False,False,54156,415332783,1577078,37654490,38484291,1231495,494334293,494337581,3288,0.6490955948829651
C1-R1-v1.1,trace,BL,44,3,27,5000,False,False,54110,415427449,1637853,37528064,38465328,1226802,494339606,494342199,2593,0.6383875608444214
C1-R1-v1.1,trace,BL,44,3,28,5000,False,False,53903,413421422,1595203,37557000,38546897,1230765,492405190,492407949,2759,0.642275333404541
C1-R1-v1.1,trace,BL,44,3,29,5000,False,False,54310,421634240,1584119,37376945,38555790,1229719,500435123,500437878,2755,0.6298867464065552
C1-R1-v1.1,trace,BL,44,3,30,5000,False,False,54018,417481775,1602461,37373788,38559783,1230738,496302563,496305470,2907,0.6438093185424805
C1-R1-v1.1,trace,BL,44,3,31,5000,False,False,53791,422545937,1602906,37470730,38550924,1232973,501457261,501459992,2731,0.6330562233924866
C1-R1-v1.1,trace,BL,44,3,32,5000,False,False,54718,417659292,1763508,37381324,38503560,1230145,496592547,496595183,2636,0.6437490582466125
C1-R1-v1.1,trace,BL,44,3,33,5000,False,False,53308,419349733,1636262,37608041,38511546,1229371,498388261,498391180,2919,0.6294536590576172
C1-R1-v1.1,trace,BL,44,3,34,5000,False,False,54322,418200994,1634139,37360665,38501040,1229580,496980740,496983518,2778,0.6428196430206299
C1-R1-v1.1,trace,BL,44,3,35,5000,False,False,54645,422833720,1593278,37640312,38489061,1228267,501839283,501842102,2819,0.6193872690200806
C1-R1-v1.1,trace,BL,44,3,36,5000,False,False,53514,414929162,1644682,37320355,38486186,1232166,493666065,493669015,2950,0.6165368556976318
C1-R1-v1.1,trace,BL,44,3,37,5000,False,False,53455,416695504,1642663,37366251,38529593,1231251,495518717,495521592,2875,0.6271951794624329
C1-R1-v1.1,trace,BL,44,3,38,5000,False,False,53722,416263889,1609695,37415103,38505934,1228916,495077259,495079990,2731,0.6158459782600403
C1-R1-v1.1,trace,BL,44,3,39,5000,False,False,53623,411999363,1637032,37593225,38463214,1225011,490971468,490974483,3015,0.6330102682113647
C1-R1-v1.1,trace,BL,44,3,40,5000,False,False,53778,416923289,1649529,37603709,38524288,1229630,495984223,495986890,2667,0.629672646522522
C1-R1-v1.1,trace,BL,44,3,41,5000,False,False,54578,414340672,1620394,37605285,38513665,1237684,493372278,493375393,3115,0.6339932680130005
C1-R1-v1.1,trace,BL,44,3,42,5000,False,False,54831,416311950,1628385,37429146,38523053,1228831,495176196,495178968,2772,0.6235177516937256
C1-R1-v1.1,trace,BL,44,3,43,5000,False,False,52926,411050244,1621299,37591051,38537856,1228377,490081753,490084714,2961,0.6102799773216248
C1-R1-v1.1,trace,BL,44,3,44,5000,False,False,53390,408783508,1602733,37348641,38484892,1231886,487505050,487507851,2801,0.6133456826210022
C1-R1-v1.1,trace,BL,44,3,45,5000,False,False,53708,412241349,1632129,37599506,38476081,1229886,491232659,491235360,2701,0.6133387684822083
C1-R1-v1.1,trace,BL,44,3,46,5000,False,False,58853,414225414,1636986,37458945,38519098,1230993,493130289,493133348,3059,0.6150274276733398
C1-R1-v1.1,trace,BL,44,3,47,5000,False,False,54626,415478368,1671258,37484510,38522413,1232205,494443380,494446226,2846,0.6195927858352661
C1-R1-v1.1,trace,BL,44,3,48,5000,False,False,53782,409839880,1610998,37574615,38497849,1224814,488801938,488804719,2781,0.6072589159011841
C1-R1-v1.1,trace,BL,44,3,49,5000,False,False,53344,415018281,1598525,37581573,38481410,1229056,493962189,493964657,2468,0.6231384873390198
C1-R1-v1.1,trace,BL,44,3,50,5000,False,False,53451,411303138,1671164,37563321,38493262,1228141,490312477,490315383,2906,0.6084481477737427
C1-R1-v1.1,trace,BL,44,3,51,5000,False,False,53230,415053420,1637876,37405005,38524880,1235252,493909663,493912674,3011,0.6037696599960327
C1-R1-v1.1,trace,BL,44,3,52,5000,False,False,54456,414391595,1657528,37355511,38516018,1227402,493202510,493205236,2726,0.6008444428443909
C1-R1-v1.1,trace,BL,44,3,53,2115,True,False,53508,174470204,708977,16042882,17308311,1234198,209818080,209821110,3030,0.5685168504714966
C1-R1-v1.1,trace,BL,44,4,0,5000,False,False,122714,415216211,1640579,37312808,38505629,1235598,494033539,494036781,3242,0.5824539661407471
C1-R1-v1.1,trace,BL,44,4,1,5000,False,False,53881,412499166,1637701,37631187,38558161,1227682,491607778,491610457,2679,0.5910587310791016
C1-R1-v1.1,trace,BL,44,4,2,5000,False,False,53194,421103486,1634724,37618568,38535137,1228734,500173843,500176570,2727,0.5836306214332581
C1-R1-v1.1,trace,BL,44,4,3,5000,False,False,52945,416941607,1620514,37609868,38491060,1227707,495943701,495946838,3137,0.586493194103241
C1-R1-v1.1,trace,BL,44,4,4,5000,False,False,54554,413839156,1621193,37390926,38490656,1229681,492626166,492628904,2738,0.5883732438087463
C1-R1-v1.1,trace,BL,44,4,5,5000,False,False,54302,414287190,1633315,37487586,38539578,1233414,493235385,493238083,2698,0.5836144089698792
C1-R1-v1.1,trace,BL,44,4,6,5000,False,False,52671,418017198,1605707,37610311,38519090,1227252,497032229,497034830,2601,0.5758102536201477
C1-R1-v1.1,trace,BL,44,4,7,5000,False,False,53884,415223905,1722205,37548349,38562810,1230202,494341355,494344456,3101,0.5873081684112549
C1-R1-v1.1,trace,BL,44,4,8,5000,False,False,53652,414215783,1620368,37583820,38509118,1228266,493211007,493214293,3286,0.5874624252319336
C1-R1-v1.1,trace,BL,44,4,9,5000,False,False,53960,417572869,1638586,37591822,38531371,1231722,496620330,496623108,2778,0.5915831923484802
C1-R1-v1.1,trace,BL,44,4,10,5000,False,False,53815,413318719,1688520,37594025,38521978,1225985,492403042,492405774,2732,0.5926711559295654
C1-R1-v1.1,trace,BL,44,4,11,5000,False,False,53339,413393085,1640306,37343751,38519407,1230687,492180575,492183204,2629,0.577815592288971
C1-R1-v1.1,trace,BL,44,4,12,5000,False,False,53882,415853298,1605500,37425061,38527075,1229964,494694780,494697436,2656,0.5876127481460571
C1-R1-v1.1,trace,BL,44,4,13,5000,False,False,53917,409281337,1631788,37580932,38509488,1235918,488293380,488295874,2494,0.5835583209991455
C1-R1-v1.1,trace,BL,44,4,14,5000,False,False,55800,417935551,1652517,37586962,38492442,1231770,496955042,496957827,2785,0.584374189376831
C1-R1-v1.1,trace,BL,44,4,15,5000,False,False,53882,416174722,1655122,37575640,38488898,1226976,495175240,495177967,2727,0.5835021734237671
C1-R1-v1.1,trace,BL,44,4,16,5000,False,False,53563,417800310,1993662,37466115,38667952,1260468,497242070,497245742,3672,0.5841959714889526
C1-R1-v1.1,trace,BL,44,4,17,5000,False,False,55495,432610609,1721850,37501089,38529983,1232385,511651411,511654222,2811,0.5790401697158813
C1-R1-v1.1,trace,BL,44,4,18,5000,False,False,54541,421730052,1608174,37588128,38486245,1228813,500695953,500698742,2789,0.5862658619880676
C1-R1-v1.1,trace,BL,44,4,19,5000,False,False,53196,421193179,1640751,37491202,38548639,1248454,500175421,500178122,2701,0.5796758532524109
C1-R1-v1.1,trace,BL,44,4,20,5000,False,False,55817,435584580,1941914,37620924,38751104,1266865,515221204,515225282,4078,0.5793678164482117
C1-R1-v1.1,trace,BL,44,4,21,5000,False,False,57532,420944653,1669891,37404884,38479376,1227333,499783669,499786573,2904,0.5794755816459656
C1-R1-v1.1,trace,BL,44,4,22,5000,False,False,53978,418222257,1703476,37519479,38508531,1232054,497239775,497242414,2639,0.5824017524719238
C1-R1-v1.1,trace,BL,44,4,23,5000,False,False,60347,417737384,1611816,37410475,38566528,1232691,496619241,496622337,3096,0.5746462345123291
C1-R1-v1.1,trace,BL,44,4,24,5000,False,False,53920,413480148,1667071,37587867,38502623,1227697,492519326,492522096,2770,0.5868822336196899
C1-R1-v1.1,trace,BL,44,4,25,5000,False,False,54717,417570344,1619027,37525292,38514217,1230584,496514181,496516719,2538,0.5708556771278381
C1-R1-v1.1,trace,BL,44,4,26,5000,False,False,53733,415970346,1576988,37408045,38591401,1252231,494852744,494856257,3513,0.5844935774803162
C1-R1-v1.1,trace,BL,44,4,27,5000,False,False,54904,420962295,1641470,37489585,38478334,1229818,499856406,499859380,2974,0.5753346085548401
C1-R1-v1.1,trace,BL,44,4,28,5000,False,False,57989,420900788,1617796,37573167,38534687,1231171,499915598,499918225,2627,0.5813615918159485
C1-R1-v1.1,trace,BL,44,4,29,5000,False,False,52406,414350108,1620721,37607264,38537484,1228392,493396375,493399111,2736,0.5675609707832336
C1-R1-v1.1,trace,BL,44,4,30,5000,False,False,53240,417920234,1632701,37447980,38593810,1231250,496879215,496882052,2837,0.5814144611358643
C1-R1-v1.1,trace,BL,44,4,31,5000,False,False,54202,418073728,1629028,37541161,38548300,1229308,497075727,497078508,2781,0.5705798268318176
C1-R1-v1.1,trace,BL,44,4,32,5000,False,False,54853,420979467,1683746,37363780,38515020,1238700,499835566,499839071,3505,0.5832723379135132
C1-R1-v1.1,trace,BL,44,4,33,5000,False,False,52743,413307470,1643993,37337148,38523846,1228770,492093970,492096885,2915,0.5691304802894592
C1-R1-v1.1,trace,BL,44,4,34,5000,False,False,53861,417785456,1661698,37559085,38489262,1231753,496781115,496784186,3071,0.582344651222229
C1-R1-v1.1,trace,BL,44,4,35,5000,False,False,53720,414318901,1653175,37524112,38525191,1232439,493307538,493310684,3146,0.5601333975791931
C1-R1-v1.1,trace,BL,44,4,36,5000,False,False,54147,413578239,1763415,37626601,38498635,1232489,492753526,492756431,2905,0.558047890663147
C1-R1-v1.1,trace,BL,44,4,37,5000,False,False,53896,414653810,1637015,37450534,38592135,1229738,493617128,493620116,2988,0.5668079853057861
C1-R1-v1.1,trace,BL,44,4,38,5000,False,False,54151,417162287,1629585,37430516,38526528,1230984,496034051,496036745,2694,0.5589125156402588
C1-R1-v1.1,trace,BL,44,4,39,5000,False,False,54252,424532301,1752896,37313018,38507615,1233925,503394007,503396854,2847,0.5736414790153503
C1-R1-v1.1,trace,BL,44,4,40,5000,False,False,53613,414390490,1669803,37360029,38522071,1228639,493224645,493227654,3009,0.5700151324272156
C1-R1-v1.1,trace,BL,44,4,41,5000,False,False,53717,415056948,1661097,37358522,38515294,1227990,493873568,493876363,2795,0.574851393699646
C1-R1-v1.1,trace,BL,44,4,42,5000,False,False,53282,415513252,1652169,37376566,38510826,1229264,494335359,494338021,2662,0.5673141479492188
C1-R1-v1.1,trace,BL,44,4,43,5000,False,False,54733,416556704,1671728,37604902,38496058,1231512,495615637,495618298,2661,0.5524359941482544
C1-R1-v1.1,trace,BL,44,4,44,5000,False,False,54548,418080242,1644747,37431150,38498213,1231561,496940461,496943278,2817,0.5587277412414551
C1-R1-v1.1,trace,BL,44,4,45,5000,False,False,53766,430538467,1638871,37623308,38517224,1226116,509597752,509600439,2687,0.5590444803237915
C1-R1-v1.1,trace,BL,44,4,46,5000,False,False,54166,418291282,1675800,37588907,38526106,1228660,497364921,497367601,2680,0.5614022612571716
C1-R1-v1.1,trace,BL,44,4,47,5000,False,False,56155,413118654,1615696,37597785,38582810,1237563,492208663,492211491,2828,0.5630601048469543
C1-R1-v1.1,trace,BL,44,4,48,5000,False,False,55848,422500634,1635287,37537824,38494743,1229894,501454230,501456795,2565,0.5508221387863159
C1-R1-v1.1,trace,BL,44,4,49,5000,False,False,53841,413502222,1604340,37355286,38510297,1230533,492256519,492259499,2980,0.568155825138092
C1-R1-v1.1,trace,BL,44,4,50,5000,False,False,53540,418825078,1639057,37606166,38478703,1230633,497833177,497836102,2925,0.5515595078468323
C1-R1-v1.1,trace,BL,44,4,51,5000,False,False,52615,417012769,1764496,37584163,38515781,1230129,496159953,496163253,3300,0.548624575138092
C1-R1-v1.1,trace,BL,44,4,52,5000,False,False,53385,413168720,1630532,37573974,38525661,1230370,492182642,492185597,2955,0.5465641021728516
C1-R1-v1.1,trace,BL,44,4,53,2115,True,False,54425,180070343,719822,16027809,17314320,1230355,215417074,215419549,2475,0.500891923904419
